{"mean": [1.0, 0.0, 0.0, 7.836671829223633, 89.35950469970703, 10.502029418945312, 0.9177883863449097, 2024.2696533203125, 10.448382377624512, 0.0, 0.9413138628005981, 0.0, 0.0, 0.0, 0.0, 13.821162223815918, 10.106759071350098, 3.7724359035491943, 0.5112077593803406, 0.0, 6.001535892486572, 2024.2734375, 14.728110313415527, 2.125, 14.375, -0.0024676849134266376, -0.0016562942182645202, 0.22662919759750366, 0.041999999433755875, 0.041999999433755875, 0.08223599195480347, 0.0, 2024.2738037109375, 10.386154174804688, 10.471976280212402, 1.0, 8.055384635925293, 9.879230499267578, 4.02046537399292, 0.5131098628044128, 0.0, 10.068461418151855, 5.228420257568359, 16.97256088256836, 9.901677131652832, 0.5002955794334412, 0.0, 5.107956409454346, 1.0, 1.0, 1.0, 1.0, 1.0, 1.0, 1.0, 1.0, 1.0, 1.0, 1.0, 1.0, 1.0, 1.0, 1.0, 1.0, 1.0, 1.0, 1.0, 1.0, 1.0, 1.0, 10.471976280212402], "std": [1.0, 1.0, 1.0, 2.8432838916778564, 5.16100549697876, 5.153736591339111, 0.020986568182706833, 0.4437756836414337, 6.8688483238220215, 1.0, 0.19934388995170593, 1.0, 1.0, 1.0, 1.0, 9.079917907714844, 5.123112678527832, 1.9508424997329712, 0.3802427649497986, 1.0, 4.6863203048706055, 0.44571739435195923, 7.848691463470459, 1.0, 1.0, 0.19113196432590485, 0.14278236031532288, 0.1403990089893341, 1.0, 1.0, 1.0, 1.0, 0.44593095779418945, 6.861270904541016, 5.751615047454834, 1.0, 2.8929641246795654, 4.881404399871826, 2.2768115997314453, 0.36821603775024414, 1.0, 5.151878356933594, 5.959249973297119, 5.389904975891113, 4.71891450881958, 0.35044947266578674, 1.0, 5.537981986999512, 1.0, 1.0, 1.0, 1.0, 1.0, 1.0, 1.0, 1.0, 1.0, 1.0, 1.0, 1.0, 1.0, 1.0, 1.0, 1.0, 1.0, 1.0, 1.0, 1.0, 1.0, 1.0, 5.751615047454834], "eps": 1e-06}