{
  "hidden": [
    256,
    128
  ],
  "dropout": 0.1,
  "lr": 0.001,
  "weight_decay": 0.0001,
  "epochs": 80,
  "val_last": 6,
  "seed": 42,
  "device": "cpu",
  "in_dim": 71,
  "best_epoch": 76,
  "val_mean": {
    "mae_pos": 3.8000000000000003,
    "ndcg5": 0.6595016050050718,
    "spearman": 0.5543859649120882,
    "top1": 0.16666666666666666
  },
  "num_features": 71,
  "feature_cols_sha1": "faa0cb270c94ea7bc6ca2799763f4aef043ec3a1",
  "num_params": 51457
}