{
  "hidden": [
    256,
    128
  ],
  "dropout": 0.1,
  "lr": 0.001,
  "weight_decay": 0.0001,
  "epochs": 80,
  "val_last": 6,
  "seed": 42,
  "device": "cpu",
  "in_dim": 71,
  "best_epoch": 79,
  "val_mean": {
    "mae_pos": 3.7166666666666663,
    "ndcg5": 0.7970218441992509,
    "spearman": 0.5606516290724871,
    "top1": 0.8333333333333334
  },
  "num_features": 71,
  "feature_cols_sha1": "faa0cb270c94ea7bc6ca2799763f4aef043ec3a1",
  "num_params": 51457
}