{
  "hidden": [
    256,
    128
  ],
  "dropout": 0.1,
  "lr": 0.001,
  "weight_decay": 0.0001,
  "epochs": 200,
  "val_last": 5,
  "seed": 42,
  "device": "cpu",
  "in_dim": 87,
  "best_epoch": 1,
  "val_mean": {
    "mae_pos": 5.959999999999999,
    "ndcg5": 0.26561702439046025,
    "spearman": 0.2574436090224671,
    "top1": 0.0
  },
  "num_features": 87,
  "feature_cols_sha1": "a57794c5d7c447f99b5893e0aad3f274c02f76bc",
  "num_params": 55553
}