{"mean": [0.0, 0.0, 0.5533427000045776, 0.5041782855987549, 5.567158222198486, 6.972145080566406, 1.9442896842956543, 0.5527855753898621, 0.5639275908470154, 0.0, 0.0, 0.0, 0.0, 0.14442896842956543, 0.34637877345085144, 19.069637298583984, 0.21083566546440125, 0.5083565711975098, 0.5083565711975098, 0.3715181052684784, 0.4860724210739136, 0.570479691028595, 0.5039793252944946, 0.5198965072631836, 0.0, 7.908563137054443, -0.12739108502864838, 0.5888015627861023, 0.0032104956917464733, 0.0, 0.9438463449478149, 0.0, 0.0, 0.0, 0.0, 10.073805809020996, 0.5142059922218323, 0.0, 5.881331443786621, 1.813022255897522, 15.684192657470703, 1.5815831422805786, 0.28522369265556335, 0.07245094329118729, -0.0014620624715462327, -0.0017897678771987557, 0.2284291833639145, 0.041999995708465576, 0.041999995708465576, 0.08223599940538406, 0.0, 0.0, 23.811552047729492, 10.47353744506836, 0.0, 9.871014595031738, 0.5123982429504395, 0.0, 10.084782600402832, 5.218270301818848, 9.911638259887695, 0.5003390312194824, 0.0, 5.10488224029541, 0.0, 0.0, 0.0, 0.0, 0.0, 0.0, 0.0, 0.0, 0.0, 0.0, 0.0, 0.0, 0.0, 0.0, 0.0, 0.0, 0.0, 0.0, 0.0, 0.0, 0.0, 0.0, 10.47353744506836], "std": [1.0, 1.0, 0.02628263086080551, 0.0491921491920948, 0.2571779787540436, 0.28773173689842224, 0.2293614149093628, 0.026241566985845566, 0.08477994054555893, 1.0, 1.0, 1.0, 1.0, 0.13726189732551575, 0.06395135819911957, 0.35701897740364075, 0.0043359315022826195, 0.06570658087730408, 0.0983843058347702, 0.03596646711230278, 0.0573403537273407, 0.05715063959360123, 0.037487950176000595, 0.12111419439315796, 1.0, 2.7889578342437744, 0.8853897452354431, 0.7760699987411499, 0.03248876333236694, 1.0, 0.19408874213695526, 1.0, 1.0, 1.0, 1.0, 5.106852054595947, 0.3757273852825165, 1.0, 4.617382049560547, 0.4060252904891968, 5.465466499328613, 0.7308459877967834, 0.20891886949539185, 0.11600024998188019, 0.18933255970478058, 0.1417727768421173, 0.14192864298820496, 1.0, 1.0, 1.0, 1.0, 1.0, 8.778261184692383, 5.75243616104126, 1.0, 4.867076396942139, 0.3658483028411865, 1.0, 5.149544715881348, 5.959238529205322, 4.691842555999756, 0.34728357195854187, 1.0, 5.527909755706787, 1.0, 1.0, 1.0, 1.0, 1.0, 1.0, 1.0, 1.0, 1.0, 1.0, 1.0, 1.0, 1.0, 1.0, 1.0, 1.0, 1.0, 1.0, 1.0, 1.0, 1.0, 1.0, 5.75243616104126], "eps": 1e-06}