{
  "mu": [
    93.3642807006836,
    87.6664047241211,
    14.104117393493652,
    55.416542053222656,
    29.135650634765625,
    34.85090637207031,
    28.863677978515625,
    3.59527325630188,
    55.940914154052734,
    2.912850856781006,
    91.42048645019531,
    88.1897201538086,
    0.9457650780677795,
    28.962005615234375,
    5.410780906677246,
    24.915857315063477,
    7.034603595733643,
    1.4498002529144287,
    4.450484275817871,
    32.25471115112305,
    12.55911636352539,
    0.0796608179807663,
    0.050602592527866364,
    25.259977340698242,
    91.76490020751953,
    -0.35533276200294495,
    0.2652028799057007,
    7.022950172424316,
    0.6312482357025146,
    -0.19209367036819458,
    -0.6652772426605225,
    91.43928527832031,
    91.03437042236328,
    88.1897201538086,
    0.11147216707468033,
    0.17199566960334778,
    -0.06583943963050842,
    -0.3745841085910797,
    0.010952453128993511,
    1.7910079956054688,
    195.59078979492188,
    70.50572204589844,
    298.5532531738281,
    62.27633285522461,
    0.4892323911190033,
    0.39491504430770874,
    0.20943668484687805,
    5.056573390960693,
    9789.5439453125,
    11562.9189453125,
    39.65175247192383,
    85.04339599609375,
    0.3081646263599396,
    0.2021719068288803,
    18.360082626342773,
    200.1372833251953,
    83.07976531982422,
    286.7584228515625,
    109.91966247558594,
    0.3066635727882385,
    0.28851959109306335,
    2045.7730712890625,
    0.21305745840072632,
    23.522451400756836,
    53.61366653442383,
    995.0364379882812,
    36.15577697753906,
    184.76736450195312,
    1.7613166570663452,
    23.522451400756836,
    36.15577697753906,
    53.61366653442383,
    1.7613166570663452,
    201.78097534179688,
    -8.360396385192871,
    0.44016245007514954,
    0.6257575750350952,
    0.3499999940395355,
    0.008215954527258873,
    0.04684332013130188,
    0.37699681520462036,
    1.8934152126312256,
    0.3275362253189087,
    19.581504821777344,
    18.751867294311523,
    -0.32573360204696655,
    91.38770294189453,
    -0.04106207191944122,
    0.0015407312894240022,
    -0.014236034825444221,
    0.3680247962474823,
    -0.48675528168678284,
    -0.3842756152153015,
    -0.18413132429122925,
    0.19266007840633392,
    0.19844232499599457,
    37.063289642333984,
    0.9487179517745972
  ],
  "sigma": [
    10.51761245727539,
    10.262921333312988,
    41.579872131347656,
    15.506444931030273,
    5.376185894012451,
    6.991763114929199,
    7.1408281326293945,
    1.816185712814331,
    15.293371200561523,
    3.842900514602661,
    9.727072715759277,
    9.720376968383789,
    0.0518822968006134,
    18.216699600219727,
    10.789143562316895,
    10.308568954467773,
    8.506409645080566,
    3.5680363178253174,
    4.525726318359375,
    13.97563648223877,
    8.652239799499512,
    4.431251049041748,
    0.050233740359544754,
    11.349038124084473,
    9.92126750946045,
    1.3279857635498047,
    0.17352591454982758,
    8.48853874206543,
    4.375153541564941,
    1.753638744354248,
    2.4068806171417236,
    10.955873489379883,
    9.131574630737305,
    9.720376968383789,
    1.503915548324585,
    1.7294803857803345,
    0.8125085234642029,
    2.3270294666290283,
    1.5760068893432617,
    4.8707661628723145,
    36.82439422607422,
    9.836211204528809,
    36.05742645263672,
    11.001330375671387,
    0.13639076054096222,
    0.043426513671875,
    0.10172965377569199,
    0.8901270627975464,
    1358.1866455078125,
    1138.106689453125,
    3.2619192600250244,
    11.589900016784668,
    0.06756910681724548,
    0.2758129835128784,
    52.01307678222656,
    28.520662307739258,
    19.695791244506836,
    42.68709945678711,
    27.668912887573242,
    0.11986079812049866,
    0.10462182760238647,
    411.96295166015625,
    0.2709426283836365,
    4.809334754943848,
    15.114652633666992,
    43.634132385253906,
    9.228131294250488,
    55.30147171020508,
    0.852181613445282,
    4.809334754943848,
    9.228131294250488,
    15.114652633666992,
    0.852181613445282,
    99.92859649658203,
    12.519880294799805,
    132.95291137695312,
    0.8533020615577698,
    0.6326351165771484,
    0.013853136450052261,
    0.0759955421090126,
    0.4846341013908386,
    8.883206367492676,
    1.7528349161148071,
    13.108139038085938,
    11.096453666687012,
    1.4229971170425415,
    10.329370498657227,
    1.3610178232192993,
    0.729096531867981,
    0.6344043612480164,
    0.31097421050071716,
    1.1556049585342407,
    0.9535558819770813,
    0.9580733180046082,
    0.9238039255142212,
    0.8292105793952942,
    21.06970977783203,
    2.4173381328582764
  ],
  "med": [
    94.5925064086914,
    87.947998046875,
    6.537928581237793,
    56.0,
    29.180034637451172,
    33.22135543823242,
    27.309356689453125,
    4.0,
    57.0,
    2.0,
    93.09053039550781,
    89.28099822998047,
    0.9682539701461792,
    32.0,
    0.0,
    25.5,
    4.053999900817871,
    0.38449999690055847,
    2.4875240325927734,
    32.0,
    12.175000190734863,
    0.2933500111103058,
    0.029411764815449715,
    25.0,
    93.788330078125,
    -0.1252872496843338,
    0.2458302080631256,
    4.037499904632568,
    0.029500000178813934,
    -0.03281468152999878,
    -0.12089450657367706,
    92.68197631835938,
    91.39466857910156,
    89.28099822998047,
    0.0962129756808281,
    0.0,
    -0.003169892355799675,
    0.0,
    0.0,
    0.7786276936531067,
    199.35455322265625,
    69.98077392578125,
    302.0,
    62.683170318603516,
    0.4940946102142334,
    0.3993180990219116,
    0.19878728687763214,
    5.109055995941162,
    10002.07421875,
    11679.400390625,
    39.67459487915039,
    86.4608383178711,
    0.3188153803348541,
    0.07316312938928604,
    22.778892517089844,
    200.10000610351562,
    85.0,
    292.6666564941406,
    107.8360595703125,
    0.2937466502189636,
    0.27874141931533813,
    2001.699951171875,
    0.10320685058832169,
    24.036527633666992,
    51.445945739746094,
    1009.7999877929688,
    37.50110626220703,
    192.49374389648438,
    1.6329032182693481,
    24.036527633666992,
    37.50110626220703,
    51.445945739746094,
    1.6329032182693481,
    224.01475524902344,
    -8.717447280883789,
    6.4460015296936035,
    0.0,
    0.0,
    0.004671439528465271,
    0.010064233094453812,
    0.0,
    0.9754999876022339,
    0.0,
    19.0,
    18.0,
    -0.10079149901866913,
    92.98858642578125,
    0.0,
    0.049550000578165054,
    0.05860000103712082,
    0.30000001192092896,
    -0.1604347676038742,
    -0.22500474750995636,
    -0.0435384064912796,
    0.18904167413711548,
    0.2959800064563751,
    43.0,
    0.0
  ],